config,source,step,kind,grow,cull,reset,cull_opacity_threshold,threshold_phase
tile0_R1_range0_20k,repo,500,refine,1,1,0,0.1,early
tile0_R1_range0_20k,repo,600,refine,1,1,1,0.1,early
tile0_R1_range0_20k,repo,700,refine,1,1,0,0.1,early
tile0_R1_range0_20k,repo,800,refine,1,1,0,0.1,early
tile0_R1_range0_20k,repo,900,refine,1,1,1,0.1,early
tile0_R1_range0_20k,repo,1000,refine,1,1,0,0.1,early
tile0_R1_range0_20k,repo,1100,refine,1,1,0,0.1,early
tile0_R1_range0_20k,repo,1200,refine,1,1,1,0.1,early
tile0_R1_range0_20k,repo,1300,refine,1,1,0,0.1,early
tile0_R1_range0_20k,repo,1400,refine,1,1,0,0.1,early
tile0_R1_range0_20k,repo,1500,refine,1,1,1,0.1,early
tile0_R1_range0_20k,repo,1600,refine,1,1,0,0.1,early
tile0_R1_range0_20k,repo,1700,refine,1,1,0,0.1,early
tile0_R1_range0_20k,repo,1800,refine,1,1,1,0.1,early
tile0_R1_range0_20k,repo,1900,refine,1,1,0,0.1,early
tile0_R1_range0_20k,repo,2000,refine,1,1,0,0.1,early
tile0_R1_range0_20k,repo,2100,refine,1,1,1,0.1,early
tile0_R1_range0_20k,repo,2200,refine,1,1,0,0.1,early
tile0_R1_range0_20k,repo,2300,refine,1,1,0,0.1,early
tile0_R1_range0_20k,repo,2400,refine,1,1,1,0.1,early
tile0_R1_range0_20k,repo,2500,refine,1,1,0,0.1,early
tile0_R1_range0_20k,repo,2600,refine,1,1,0,0.1,early
tile0_R1_range0_20k,repo,2700,refine,1,1,1,0.1,early
tile0_R1_range0_20k,repo,2800,refine,1,1,0,0.1,early
tile0_R1_range0_20k,repo,2900,refine,1,1,0,0.1,early
tile0_R1_range0_20k,repo,3000,refine,1,1,1,0.1,early
tile0_R1_range0_20k,repo,3100,refine,1,1,0,0.1,early
tile0_R1_range0_20k,repo,3200,refine,1,1,0,0.1,early
tile0_R1_range0_20k,repo,3300,refine,1,1,1,0.1,early
tile0_R1_range0_20k,repo,3400,refine,1,1,0,0.1,early
tile0_R1_range0_20k,repo,3500,refine,1,1,0,0.1,early
tile0_R1_range0_20k,repo,3600,refine,1,1,1,0.1,early
tile0_R1_range0_20k,repo,3700,refine,1,1,0,0.1,early
tile0_R1_range0_20k,repo,3800,refine,1,1,0,0.1,early
tile0_R1_range0_20k,repo,3900,refine,1,1,1,0.1,early
tile0_R1_range0_20k,repo,4000,refine,1,1,0,0.1,early
tile0_R1_range0_20k,repo,4100,refine,1,1,0,0.1,early
tile0_R1_range0_20k,repo,4200,refine,1,1,1,0.1,early
tile0_R1_range0_20k,repo,4300,refine,1,1,0,0.1,early
tile0_R1_range0_20k,repo,4400,refine,1,1,0,0.1,early
tile0_R1_range0_20k,repo,4500,refine,1,1,1,0.1,early
tile0_R1_range0_20k,repo,4600,refine,1,1,0,0.1,early
tile0_R1_range0_20k,repo,4700,refine,1,1,0,0.1,early
tile0_R1_range0_20k,repo,4800,refine,1,1,1,0.1,early
tile0_R1_range0_20k,repo,4900,refine,1,1,0,0.1,early
tile0_R1_range0_20k,repo,5000,refine,1,1,0,0.1,early
tile0_R1_range0_20k,repo,5100,refine,1,1,1,0.1,early
tile0_R1_range0_20k,repo,5200,refine,1,1,0,0.1,early
tile0_R1_range0_20k,repo,5300,refine,1,1,0,0.1,early
tile0_R1_range0_20k,repo,5400,refine,1,1,1,0.1,early
tile0_R1_range0_20k,repo,5500,refine,1,1,0,0.1,early
tile0_R1_range0_20k,repo,5600,refine,1,1,0,0.1,early
tile0_R1_range0_20k,repo,5700,refine,1,1,1,0.1,early
tile0_R1_range0_20k,repo,5800,refine,1,1,0,0.1,early
tile0_R1_range0_20k,repo,5900,refine,1,1,0,0.1,early
tile0_R1_range0_20k,repo,6000,refine,1,1,1,0.1,early
tile0_R1_range0_20k,repo,6100,refine,1,1,0,0.1,early
tile0_R1_range0_20k,repo,6200,refine,1,1,0,0.1,early
tile0_R1_range0_20k,repo,6300,refine,1,1,1,0.1,early
tile0_R1_range0_20k,repo,6400,refine,1,1,0,0.1,early
tile0_R1_range0_20k,repo,6500,refine,1,1,0,0.1,early
tile0_R1_range0_20k,repo,6600,refine,1,1,1,0.1,early
tile0_R1_range0_20k,repo,6700,refine,1,1,0,0.1,early
tile0_R1_range0_20k,repo,6800,refine,1,1,0,0.1,early
tile0_R1_range0_20k,repo,6900,refine,1,1,1,0.1,early
tile0_R1_range0_20k,repo,7000,refine,1,1,0,0.1,early
tile0_R1_range0_20k,repo,7100,refine,1,1,0,0.1,early
tile0_R1_range0_20k,repo,7200,refine,1,1,1,0.1,early
tile0_R1_range0_20k,repo,7300,refine,1,1,0,0.1,early
tile0_R1_range0_20k,repo,7400,refine,1,1,0,0.1,early
tile0_R1_range0_20k,repo,7500,refine,1,1,1,0.1,early
tile0_R1_range0_20k,repo,7600,refine,1,1,0,0.1,early
tile0_R1_range0_20k,repo,7700,refine,1,1,0,0.1,early
tile0_R1_range0_20k,repo,7800,refine,1,1,1,0.1,early
tile0_R1_range0_20k,repo,7900,refine,1,1,0,0.1,early
tile0_R1_range0_20k,repo,8000,refine,1,1,0,0.1,early
tile0_R1_range0_20k,repo,8100,refine,1,1,1,0.1,early
tile0_R1_range0_20k,repo,8200,refine,1,1,0,0.1,early
tile0_R1_range0_20k,repo,8300,refine,1,1,0,0.1,early
tile0_R1_range0_20k,repo,8400,refine,1,1,1,0.1,early
tile0_R1_range0_20k,repo,8500,refine,1,1,0,0.1,early
tile0_R1_range0_20k,repo,8600,refine,1,1,0,0.1,early
tile0_R1_range0_20k,repo,8700,refine,1,1,1,0.1,early
tile0_R1_range0_20k,repo,8800,refine,1,1,0,0.1,early
tile0_R1_range0_20k,repo,8900,refine,1,1,0,0.1,early
tile0_R1_range0_20k,repo,9000,refine,1,1,1,0.1,early
tile0_R1_range0_20k,repo,9100,refine,1,1,0,0.1,early
tile0_R1_range0_20k,repo,9200,refine,1,1,0,0.1,early
tile0_R1_range0_20k,repo,9300,refine,1,1,1,0.1,early
tile0_R1_range0_20k,repo,9400,refine,1,1,0,0.1,early
tile0_R1_range0_20k,repo,9500,refine,1,1,0,0.1,early
tile0_R1_range0_20k,repo,9600,refine,1,1,1,0.1,early
tile0_R1_range0_20k,repo,9700,refine,1,1,0,0.1,early
tile0_R1_range0_20k,repo,9800,refine,1,1,0,0.1,early
tile0_R1_range0_20k,repo,9900,refine,1,1,1,0.1,early
tile0_R1_range0_20k,repo,10000,refine,1,1,0,0.1,early
tile0_R1_range0_20k,repo,10100,refine,1,1,0,0.1,early
tile0_R1_range0_20k,repo,10200,refine,1,1,1,0.1,early
tile0_R1_range0_20k,repo,10300,refine,1,1,0,0.1,early
tile0_R1_range0_20k,repo,10400,refine,1,1,0,0.1,early
tile0_R1_range0_20k,repo,10500,refine,1,1,1,0.1,early
tile0_R1_range0_20k,repo,10600,refine,1,1,0,0.1,early
tile0_R1_range0_20k,repo,10700,refine,1,1,0,0.1,early
tile0_R1_range0_20k,repo,10800,refine,1,1,1,0.1,early
tile0_R1_range0_20k,repo,10900,refine,1,1,0,0.1,early
tile0_R1_range0_20k,repo,11000,refine,1,1,0,0.1,early
tile0_R1_range0_20k,repo,11100,refine,1,1,1,0.1,early
tile0_R1_range0_20k,repo,11200,refine,1,1,0,0.1,early
tile0_R1_range0_20k,repo,11300,refine,1,1,0,0.1,early
tile0_R1_range0_20k,repo,11400,refine,1,1,1,0.1,early
tile0_R1_range0_20k,repo,11500,refine,1,1,0,0.1,early
tile0_R1_range0_20k,repo,11600,refine,1,1,0,0.1,early
tile0_R1_range0_20k,repo,11700,refine,1,1,1,0.1,early
tile0_R1_range0_20k,repo,11800,refine,1,1,0,0.1,early
tile0_R1_range0_20k,repo,11900,refine,1,1,0,0.1,early
tile0_R1_range0_20k,repo,12000,refine,1,1,1,0.1,early
tile0_R1_range0_20k,repo,12100,refine,1,1,0,0.1,early
tile0_R1_range0_20k,repo,12200,refine,1,1,0,0.1,early
tile0_R1_range0_20k,repo,12300,refine,1,1,1,0.1,early
tile0_R1_range0_20k,repo,12400,refine,1,1,0,0.1,early
tile0_R1_range0_20k,repo,12500,refine,1,1,0,0.1,early
tile0_R1_range0_20k,repo,12600,refine,1,1,1,0.1,early
tile0_R1_range0_20k,repo,12700,refine,1,1,0,0.1,early
tile0_R1_range0_20k,repo,12800,refine,1,1,0,0.1,early
tile0_R1_range0_20k,repo,12900,refine,1,1,1,0.1,early
tile0_R1_range0_20k,repo,13000,refine,1,1,0,0.1,early
tile0_R1_range0_20k,repo,13100,refine,1,1,0,0.1,early
tile0_R1_range0_20k,repo,13200,refine,1,1,1,0.1,early
tile0_R1_range0_20k,repo,13300,refine,1,1,0,0.1,early
tile0_R1_range0_20k,repo,13400,refine,1,1,0,0.1,early
tile0_R1_range0_20k,repo,13500,refine,1,1,1,0.1,early
tile0_R1_range0_20k,repo,13600,refine,1,1,0,0.1,early
tile0_R1_range0_20k,repo,13700,refine,1,1,0,0.1,early
tile0_R1_range0_20k,repo,13800,refine,1,1,1,0.1,early
tile0_R1_range0_20k,repo,13900,refine,1,1,0,0.1,early
tile1_R1d_20k,repo,500,refine,1,1,0,0.1,early
tile1_R1d_20k,repo,600,refine,1,1,1,0.1,early
tile1_R1d_20k,repo,700,refine,1,1,0,0.1,early
tile1_R1d_20k,repo,800,refine,1,1,0,0.1,early
tile1_R1d_20k,repo,900,refine,1,1,1,0.1,early
tile1_R1d_20k,repo,1000,refine,1,1,0,0.1,early
tile1_R1d_20k,repo,1100,refine,1,1,0,0.1,early
tile1_R1d_20k,repo,1200,refine,1,1,1,0.1,early
tile1_R1d_20k,repo,1300,refine,1,1,0,0.1,early
tile1_R1d_20k,repo,1400,refine,1,1,0,0.1,early
tile1_R1d_20k,repo,1500,refine,1,1,1,0.1,early
tile1_R1d_20k,repo,1600,refine,1,1,0,0.1,early
tile1_R1d_20k,repo,1700,refine,1,1,0,0.1,early
tile1_R1d_20k,repo,1800,refine,1,1,1,0.1,early
tile1_R1d_20k,repo,1900,refine,1,1,0,0.1,early
tile1_R1d_20k,repo,2000,refine,1,1,0,0.1,early
tile1_R1d_20k,repo,2100,refine,1,1,1,0.1,early
tile1_R1d_20k,repo,2200,refine,1,1,0,0.1,early
tile1_R1d_20k,repo,2300,refine,1,1,0,0.1,early
tile1_R1d_20k,repo,2400,refine,1,1,1,0.1,early
tile1_R1d_20k,repo,2500,refine,1,1,0,0.1,early
tile1_R1d_20k,repo,2600,refine,1,1,0,0.1,early
tile1_R1d_20k,repo,2700,refine,1,1,1,0.1,early
tile1_R1d_20k,repo,2800,refine,1,1,0,0.1,early
tile1_R1d_20k,repo,2900,refine,1,1,0,0.1,early
tile1_R1d_20k,repo,3000,refine,1,1,1,0.1,early
tile1_R1d_20k,repo,3100,refine,1,1,0,0.1,early
tile1_R1d_20k,repo,3200,refine,1,1,0,0.1,early
tile1_R1d_20k,repo,3300,refine,1,1,1,0.1,early
tile1_R1d_20k,repo,3400,refine,1,1,0,0.1,early
tile1_R1d_20k,repo,3500,refine,1,1,0,0.1,early
tile1_R1d_20k,repo,3600,refine,1,1,1,0.1,early
tile1_R1d_20k,repo,3700,refine,1,1,0,0.1,early
tile1_R1d_20k,repo,3800,refine,1,1,0,0.1,early
tile1_R1d_20k,repo,3900,refine,1,1,1,0.1,early
tile1_R1d_20k,repo,4000,refine,1,1,0,0.1,early
tile1_R1d_20k,repo,4100,refine,1,1,0,0.1,early
tile1_R1d_20k,repo,4200,refine,1,1,1,0.1,early
tile1_R1d_20k,repo,4300,refine,1,1,0,0.1,early
tile1_R1d_20k,repo,4400,refine,1,1,0,0.1,early
tile1_R1d_20k,repo,4500,refine,1,1,1,0.1,early
tile1_R1d_20k,repo,4600,refine,1,1,0,0.1,early
tile1_R1d_20k,repo,4700,refine,1,1,0,0.1,early
tile1_R1d_20k,repo,4800,refine,1,1,1,0.1,early
tile1_R1d_20k,repo,4900,refine,1,1,0,0.1,early
tile1_R1d_20k,repo,5000,refine,1,1,0,0.1,early
tile1_R1d_20k,repo,5100,refine,1,1,1,0.1,early
tile1_R1d_20k,repo,5200,refine,1,1,0,0.1,early
tile1_R1d_20k,repo,5300,refine,1,1,0,0.1,early
tile1_R1d_20k,repo,5400,refine,1,1,1,0.1,early
tile1_R1d_20k,repo,5500,refine,1,1,0,0.1,early
tile1_R1d_20k,repo,5600,refine,1,1,0,0.1,early
tile1_R1d_20k,repo,5700,refine,1,1,1,0.1,early
tile1_R1d_20k,repo,5800,refine,1,1,0,0.1,early
tile1_R1d_20k,repo,5900,refine,1,1,0,0.1,early
tile1_R1d_20k,repo,6000,refine,1,1,1,0.1,early
tile1_R1d_20k,repo,6100,refine,1,1,0,0.1,early
tile1_R1d_20k,repo,6200,refine,1,1,0,0.1,early
tile1_R1d_20k,repo,6300,refine,1,1,1,0.1,early
tile1_R1d_20k,repo,6400,refine,1,1,0,0.1,early
tile1_R1d_20k,repo,6500,refine,1,1,0,0.1,early
tile1_R1d_20k,repo,6600,refine,1,1,1,0.1,early
tile1_R1d_20k,repo,6700,refine,1,1,0,0.1,early
tile1_R1d_20k,repo,6800,refine,1,1,0,0.1,early
tile1_R1d_20k,repo,6900,refine,1,1,1,0.1,early
tile1_R1d_20k,repo,7000,refine,1,1,0,0.1,early
tile1_R1d_20k,repo,7100,refine,1,1,0,0.1,early
tile1_R1d_20k,repo,7200,refine,1,1,1,0.1,early
tile1_R1d_20k,repo,7300,refine,1,1,0,0.1,early
tile1_R1d_20k,repo,7400,refine,1,1,0,0.1,early
tile1_R1d_20k,repo,7500,refine,1,1,1,0.1,early
tile1_R1d_20k,repo,7600,refine,1,1,0,0.1,early
tile1_R1d_20k,repo,7700,refine,1,1,0,0.1,early
tile1_R1d_20k,repo,7800,refine,1,1,1,0.1,early
tile1_R1d_20k,repo,7900,refine,1,1,0,0.1,early
tile1_R1d_20k,repo,8000,refine,1,1,0,0.1,early
tile1_R1d_20k,repo,8100,refine,1,1,1,0.1,early
tile1_R1d_20k,repo,8200,refine,1,1,0,0.1,early
tile1_R1d_20k,repo,8300,refine,1,1,0,0.1,early
tile1_R1d_20k,repo,8400,refine,1,1,1,0.1,early
tile1_R1d_20k,repo,8500,refine,1,1,0,0.1,early
tile1_R1d_20k,repo,8600,refine,1,1,0,0.1,early
tile1_R1d_20k,repo,8700,refine,1,1,1,0.1,early
tile1_R1d_20k,repo,8800,refine,1,1,0,0.1,early
tile1_R1d_20k,repo,8900,refine,1,1,0,0.1,early
tile1_R1d_20k,repo,9000,refine,1,1,1,0.1,early
tile1_R1d_20k,repo,9100,refine,1,1,0,0.1,early
tile1_R1d_20k,repo,9200,refine,1,1,0,0.1,early
tile1_R1d_20k,repo,9300,refine,1,1,1,0.1,early
tile1_R1d_20k,repo,9400,refine,1,1,0,0.1,early
tile1_R1d_20k,repo,9500,refine,1,1,0,0.1,early
tile1_R1d_20k,repo,9600,refine,1,1,1,0.1,early
tile1_R1d_20k,repo,9700,refine,1,1,0,0.1,early
tile1_R1d_20k,repo,9800,refine,1,1,0,0.1,early
tile1_R1d_20k,repo,9900,refine,1,1,1,0.1,early
tile1_R1d_20k,repo,10000,refine,1,1,0,0.1,early
tile1_R1d_20k,repo,10100,refine,1,1,0,0.1,early
tile1_R1d_20k,repo,10200,refine,1,1,1,0.1,early
tile1_R1d_20k,repo,10300,refine,1,1,0,0.1,early
tile1_R1d_20k,repo,10400,refine,1,1,0,0.1,early
tile1_R1d_20k,repo,10500,refine,1,1,1,0.1,early
tile1_R1d_20k,repo,10600,refine,1,1,0,0.1,early
tile1_R1d_20k,repo,10700,refine,1,1,0,0.1,early
tile1_R1d_20k,repo,10800,refine,1,1,1,0.1,early
tile1_R1d_20k,repo,10900,refine,1,1,0,0.1,early
tile1_R1d_20k,repo,11000,refine,1,1,0,0.1,early
tile1_R1d_20k,repo,11100,refine,1,1,1,0.1,early
tile1_R1d_20k,repo,11200,refine,1,1,0,0.1,early
tile1_R1d_20k,repo,11300,refine,1,1,0,0.1,early
tile1_R1d_20k,repo,11400,refine,1,1,1,0.1,early
tile1_R1d_20k,repo,11500,refine,1,1,0,0.1,early
tile1_R1d_20k,repo,11600,refine,1,1,0,0.1,early
tile1_R1d_20k,repo,11700,refine,1,1,1,0.1,early
tile1_R1d_20k,repo,11800,refine,1,1,0,0.1,early
tile1_R1d_20k,repo,11900,refine,1,1,0,0.1,early
tile1_R1d_20k,repo,12000,refine,1,1,1,0.1,early
tile1_R1d_20k,repo,12100,refine,1,1,0,0.1,early
tile1_R1d_20k,repo,12200,refine,1,1,0,0.1,early
tile1_R1d_20k,repo,12300,refine,1,1,1,0.1,early
tile1_R1d_20k,repo,12400,refine,1,1,0,0.1,early
tile1_R1d_20k,repo,12500,refine,1,1,0,0.1,early
tile1_R1d_20k,repo,12600,refine,1,1,1,0.1,early
tile1_R1d_20k,repo,12700,refine,1,1,0,0.1,early
tile1_R1d_20k,repo,12800,refine,1,1,0,0.1,early
tile1_R1d_20k,repo,12900,refine,1,1,1,0.1,early
tile1_R1d_20k,repo,13000,refine,1,1,0,0.1,early
tile1_R1d_20k,repo,13100,refine,1,1,0,0.1,early
tile1_R1d_20k,repo,13200,refine,1,1,1,0.1,early
tile1_R1d_20k,repo,13300,refine,1,1,0,0.1,early
tile1_R1d_20k,repo,13400,refine,1,1,0,0.1,early
tile1_R1d_20k,repo,13500,refine,1,1,1,0.1,early
tile1_R1d_20k,repo,13600,refine,1,1,0,0.1,early
tile1_R1d_20k,repo,13700,refine,1,1,0,0.1,early
tile1_R1d_20k,repo,13800,refine,1,1,1,0.1,early
tile1_R1d_20k,repo,13900,refine,1,1,0,0.1,early
