idx,sample_id,side,capture_fraction,cam_to_door_centre_m,gap_pixels,gap_luma_mean,gap_luma_p90,leaf_region_pixels,leaf_region_luma_mean,in_roi_list
0,img_313927f8276bed83888b9791::yaw_minus_35,carport,0.0,7.52,5918,67.4,78.1,0,nan,False
1,img_1f7cf648acdfeca84393921f::yaw_minus_35,carport,0.0023,7.52,5798,67.2,78.1,0,nan,False
2,img_8448119d6dd039f747f28fad::yaw_minus_35,carport,0.0045,7.52,5798,67.4,78.1,0,nan,False
3,img_44688fc19520c97f04987182::yaw_minus_35,carport,0.0068,7.52,5798,67.3,78.8,0,nan,False
4,img_4a2e56357884866047e5d674::yaw_minus_35,carport,0.009,7.52,5798,67.2,78.1,0,nan,False
5,img_5f8884d4e0886ce2c7c3329d::yaw_minus_35,carport,0.0113,7.52,5798,67.2,78.2,0,nan,False
6,img_246e9ec9e0ed774cd0cbefb4::yaw_minus_35,carport,0.0136,7.52,5798,67.2,78.2,0,nan,False
7,img_0808a922b5bfb00ee7a01908::yaw_minus_35,carport,0.0158,7.52,5798,67.2,78.1,0,nan,False
8,img_50b466a226a3e1103ba42d6f::yaw_minus_35,carport,0.0181,7.52,5798,67.3,78.1,0,nan,False
9,img_5f5029f3630b2fb09e6d6efa::yaw_minus_35,carport,0.0204,7.52,5798,67.3,77.9,0,nan,False
10,img_5563e8df2be4dc830dc08c92::yaw_minus_35,carport,0.0226,7.52,5798,67.2,78.2,0,nan,False
11,img_998fac7e5f651da4c2cd8d17::yaw_minus_35,carport,0.0249,7.52,5798,67.3,78.1,0,nan,False
12,img_4bdcc685ea71836c64354033::yaw_minus_35,carport,0.0271,7.52,6068,67.5,77.9,0,nan,False
13,img_80940ca2f4c06ff631233746::yaw_minus_35,carport,0.0294,7.52,5798,67.3,77.8,0,nan,False
14,img_7cbdf15076430dd9350f81b8::yaw_minus_35,carport,0.0317,7.52,5918,67.2,77.8,0,nan,False
15,img_4e3d57a9706d9cb78afd5c41::yaw_minus_35,carport,0.0339,7.52,5899,67.3,77.9,0,nan,False
16,img_39a06855544f8de8351e1656::yaw_minus_35,carport,0.0362,7.52,5918,67.2,77.9,0,nan,False
17,img_cd4571ad8de26172a08ecd80::yaw_minus_35,carport,0.0385,7.52,5637,67.7,78.8,0,nan,False
18,img_f2e31727fc02a2394640f8b4::yaw_minus_35,carport,0.0407,7.51,5947,59.3,71.9,0,nan,False
19,img_1a415e4ff347474b2fe0e6fd::yaw_minus_35,carport,0.043,7.53,6626,52.6,66.9,0,nan,False
20,img_77ed34b0126642eb21004da8::yaw_minus_35,carport,0.0452,7.63,8081,56.8,68.9,0,nan,False
21,img_a845da47748e8a6ca297bb3a::yaw_minus_35,carport,0.0475,7.87,8162,37.1,53.9,0,nan,False
22,img_57c2604724963389dad6b8fc::yaw_plus_35,carport,0.0475,7.88,9403,35.2,65.5,0,nan,False
23,img_864756b6e6d7af01e546481e::yaw_minus_35,carport,0.0498,8.17,7075,63.0,79.9,0,nan,False
24,img_b2ca7d398dbb3a51d6b172e1::yaw_plus_35,carport,0.0498,8.18,6253,40.3,70.1,0,nan,False
25,img_3674d4aa9eeeccc919db54a9::yaw_minus_35,carport,0.052,8.47,5850,58.3,73.9,0,nan,False
26,img_0e90c061ce70226ad4b32bed::yaw_plus_35,carport,0.052,8.49,4976,48.3,70.6,0,nan,False
27,img_ce4c8b78f0d154af4ad15c0f::yaw_plus_35,carport,0.0543,8.74,4533,45.1,71.8,0,nan,False
28,img_46f7e3520c57796e33d0dd24::yaw_plus_35,carport,0.0566,8.91,3070,37.1,69.0,0,nan,False
29,img_4482606b56ce83da57f0a986::yaw_plus_35,carport,0.0588,9.09,2692,51.3,74.6,0,nan,False
30,img_7e1c9e745aed152b1e706429::yaw_minus_35,carport,0.0611,9.17,4352,51.6,62.9,0,nan,False
31,img_4767ec0db6e2111433779ace::yaw_plus_35,carport,0.0611,9.17,4466,55.4,75.9,0,nan,False
32,img_764fe29b4e1960f79bb29e3d::yaw_minus_35,carport,0.0633,9.21,3855,47.6,58.9,0,nan,False
33,img_4dc8f84b30561037eb7ae084::yaw_minus_35,carport,0.0656,9.17,4134,31.8,44.6,0,nan,False
34,img_e42f586216482cf4776c2f4f::yaw_minus_35,carport,0.0679,9.0,5296,28.3,41.3,0,nan,False
35,img_f4e71c9e7ff3353987c9c41a::yaw_minus_35,carport,0.0701,8.82,6986,28.9,43.2,0,nan,False
36,img_495d939ae647085d401c5718::yaw_minus_35,carport,0.0724,8.62,8469,30.7,41.7,0,nan,False
37,img_c6c64c84f33e7ba57d01e36f::yaw_minus_35,carport,0.0747,8.39,10534,28.9,43.7,0,nan,False
38,img_c77512e4e0ce2d4fa776ea2d::yaw_minus_35,carport,0.0769,8.22,13090,41.5,84.2,0,nan,False
39,img_f218d51dae29bd11fe08c9e2::yaw_minus_35,carport,0.0792,8.03,14698,52.4,105.9,0,nan,False
40,img_3a1483836f813dc9ad7e4edb::yaw_minus_35,carport,0.0814,7.91,15705,44.7,104.5,0,nan,False
41,img_88226fd046cc5356cc68c8ec::yaw_minus_35,carport,0.0837,7.87,18843,66.2,113.2,0,nan,True
42,img_9f8e6e6735bab2261cf49998::yaw_minus_35,carport,0.086,7.77,21551,64.7,113.6,0,nan,True
43,img_552ccaef249d70922a2b9ae7::yaw_minus_35,carport,0.0882,7.75,23456,62.0,108.2,0,nan,True
44,img_03470cda035b5adeddb4a5b3::yaw_minus_35,carport,0.0905,7.7,26479,76.4,103.2,0,nan,False
45,img_68f31368a376525690e48608::yaw_minus_35,carport,0.0928,7.58,25774,48.8,112.0,0,nan,False
46,img_92dd1fda516c07508a76a56c::yaw_minus_35,carport,0.095,7.49,26850,68.2,127.1,0,nan,False
47,img_8c80111aab308428694788f4::yaw_minus_35,carport,0.0973,7.32,29637,71.9,121.9,0,nan,True
48,img_df46b1666c566e3ae900c93b::yaw_minus_35,carport,0.0995,7.16,31240,55.8,114.0,0,nan,True
49,img_72d329aaeffd9ca5bb751d0f::yaw_minus_35,carport,0.1018,7.05,35847,75.9,128.0,0,nan,True
50,img_298eb4ad7a7fb190d39583ea::yaw_minus_35,carport,0.1041,6.87,40187,57.6,118.2,0,nan,False
51,img_bca1f40e65c0073ea5c3b207::yaw_minus_35,carport,0.1063,6.78,39686,59.8,125.2,0,nan,False
52,img_65f505414e53514b40c87f66::yaw_minus_35,carport,0.1086,6.73,43872,62.9,130.2,0,nan,False
53,img_20db9aea57590d693ed1f417::yaw_minus_35,carport,0.1109,6.57,44958,66.2,134.5,0,nan,False
54,img_7e5fa33d0d13a5a9e8727f84::yaw_minus_35,carport,0.1131,6.37,47593,79.7,140.7,0,nan,False
55,img_2cb25c84f93cba5efbbe84c5::yaw_minus_35,carport,0.1154,6.14,50478,78.3,137.3,0,nan,False
56,img_5bf2570751fa5012e024eb20::yaw_minus_35,carport,0.1176,5.93,53705,102.2,144.9,0,nan,False
57,img_59524914ac06cf1a2d6e317a::yaw_minus_35,carport,0.1199,5.72,56097,102.3,132.1,0,nan,False
58,img_cc49a20a9f67e4bfb75ac5cd::yaw_minus_35,carport,0.1222,5.58,66504,86.1,101.1,0,nan,False
59,img_43880861e0630f5d7ac7cc0d::yaw_minus_35,carport,0.1244,5.41,74322,72.7,85.7,0,nan,False
60,img_6ed6c4d41155b1fef7584c54::yaw_minus_35,carport,0.1267,5.24,87575,71.2,91.2,217,74.0,False
61,img_2583dd744e4c06e135d8853a::yaw_minus_35,carport,0.1448,5.53,67102,26.4,33.9,6840,63.6,False
62,img_a4bc513964ab0170b07c28bc::yaw_minus_35,carport,0.1471,5.54,60097,29.0,38.8,12154,54.5,True
63,img_e1287e860ec48f842b16e821::yaw_minus_35,carport,0.1561,6.09,28694,15.0,20.2,23524,40.4,True
64,img_d691623e566cde7f444905b2::yaw_minus_35,carport,0.1584,6.22,22018,13.5,16.3,21898,44.5,True
65,img_8a5782154627496067ab070d::yaw_minus_35,carport,0.1606,6.38,16428,18.0,21.0,22402,49.0,True
66,img_f5f133cabb2d110c4de5284e::yaw_minus_35,carport,0.1629,6.6,12499,19.6,24.2,22887,56.0,True
67,img_1a38b2127348ddbd3e540b2f::yaw_minus_35,carport,0.1652,6.75,8108,22.4,26.8,22688,57.9,True
68,img_6f0133802dcbba5715db2a6b::yaw_minus_35,carport,0.1674,6.87,4111,26.7,33.1,23351,54.4,True
69,img_a2ef0a0058461539f6d32279::yaw_minus_35,carport,0.1697,6.99,1877,98.1,137.8,24186,77.0,True
70,img_24d4e5bc6fa22cd9ea92ff2e::yaw_minus_35,carport,0.1719,6.97,1519,33.2,46.9,23637,85.6,False
71,img_789243cb60bd90423c2cc36f::yaw_minus_35,carport,0.1742,6.92,1271,30.1,44.9,21602,50.1,False
72,img_5e8f6477648ca5ac8d8ba881::yaw_minus_35,carport,0.1765,6.88,1058,27.1,45.0,19844,50.6,True
73,img_28ae3ec748a5e0d8c78031df::yaw_minus_35,carport,0.1787,6.78,1096,26.8,44.9,20136,47.6,True
74,img_5550c6ee126a8a927e97dac2::yaw_minus_35,carport,0.181,6.69,959,27.5,46.2,18705,48.3,True
75,img_b7f55877796392d83c722aba::yaw_minus_35,carport,0.1833,6.69,1096,22.7,39.2,21613,46.8,True
76,img_864f94111ef95cfcf74e9828::yaw_minus_35,carport,0.1855,6.64,1522,33.4,49.3,28281,50.9,True
77,img_05cc6ae9bfec314d854c8837::yaw_minus_35,carport,0.1878,6.57,1938,32.9,48.3,32282,50.6,True
78,img_21571925b3bdee2457e819f8::yaw_plus_35,carport,0.1878,6.57,3310,30.4,58.3,39309,35.7,False
79,img_1fb3a72aca781ca07d397457::yaw_minus_35,carport,0.19,6.54,2075,31.5,50.2,33790,49.6,True
80,img_9d11a004e9202f7dd1430bdc::yaw_plus_35,carport,0.19,6.54,2733,23.4,42.5,39242,35.4,False
81,img_0fd1829e4d452fc9e06670fe::yaw_minus_35,carport,0.1923,6.52,2772,32.2,52.4,38876,46.8,True
82,img_a49f9bef3e593948cf72d9a1::yaw_plus_35,carport,0.1923,6.52,2596,22.4,41.2,37928,34.9,False
83,img_2b4f13c695909781ea9270a7::yaw_plus_35,carport,0.1946,6.5,2194,18.9,32.2,33155,33.8,True
84,img_753e568dd0cb0b359ee23e57::yaw_plus_35,carport,0.1968,6.5,1883,19.8,33.0,29528,32.6,True
85,img_dad684e3df7bafd45b805a5d::yaw_plus_35,carport,0.1991,6.49,2100,20.5,33.0,31109,32.7,True
86,img_954f086e75547572ac933571::yaw_plus_35,carport,0.2014,6.47,2333,20.6,31.9,33848,33.3,True
87,img_e0bbacc0010098c4844951ac::yaw_plus_35,carport,0.2036,6.47,1770,19.5,29.9,27933,32.9,True
88,img_b4812019b4dfa216489f95df::yaw_minus_35,carport,0.2059,6.5,1925,29.6,47.7,33155,50.6,True
89,img_93526b49c3d4ea71e085b123::yaw_plus_35,carport,0.2059,6.49,1688,20.3,32.9,29119,34.1,True
90,img_fe46c480df46c4db13c4fd6c::yaw_minus_35,carport,0.2081,6.4,721,33.1,50.0,16991,55.1,False
91,img_39bde7ed1336ec78411af4c0::yaw_minus_35,carport,0.2104,6.39,392,32.1,52.5,11326,59.7,False
92,img_98bb570ecf462a8b29f1009a::yaw_minus_35,carport,0.2127,6.39,261,40.6,65.9,8986,66.1,False
93,img_5e80513ffc34b6196a43e365::yaw_minus_35,carport,0.2149,6.33,189,59.0,91.0,6833,73.8,False
94,img_4beafc8e6c2ff2943ec8c75d::yaw_minus_35,carport,0.2172,6.35,61,53.5,85.1,3539,78.2,False
95,img_1a62eea81648de2de47d1d27::yaw_minus_35,carport,0.2195,6.37,8,92.6,102.0,990,90.6,False
96,img_5b91b0038b79183f5c7235e8::yaw_minus_35,carport,0.2217,6.35,0,nan,nan,0,nan,False
97,img_d63e075dca6c1af17d7d7f52::yaw_minus_35,interior,0.224,6.39,0,nan,nan,0,nan,False
98,img_8025ffd18b089ef27d299a02::yaw_plus_35,interior,0.2285,6.5,2229,156.1,175.7,0,nan,False
99,img_729de0fdc89bc5da6f822671::yaw_plus_35,interior,0.2308,6.54,5077,123.5,176.0,0,nan,False
100,img_b66bfddd418c61e670dc3a5c::yaw_plus_35,interior,0.233,6.64,8312,157.9,177.2,0,nan,False
101,img_2528134f0c15a2a2a931c0df::yaw_plus_35,interior,0.2353,6.66,10642,166.6,180.9,0,nan,False
102,img_8cb5b725b7b6ad962fac04a5::yaw_plus_35,interior,0.2376,6.66,11740,158.6,175.5,0,nan,False
103,img_4fcd6a3db493c1c587d8b3a9::yaw_plus_35,interior,0.2398,6.7,14423,168.0,189.8,0,nan,False
104,img_d243f0bef95f3ab8666465b0::yaw_plus_35,interior,0.2421,6.68,15670,159.2,190.0,0,nan,False
105,img_ae76977466c8fa930454864c::yaw_plus_35,interior,0.2443,6.67,17413,165.5,194.0,0,nan,False
106,img_20a58f5ac4250200235962e2::yaw_plus_35,interior,0.2466,6.73,18366,136.1,165.2,0,nan,False
107,img_0c5af46cf601f1ba240045ea::yaw_plus_35,interior,0.2489,6.79,19802,154.6,193.7,0,nan,False
108,img_575f482e53a2e9d903317aeb::yaw_plus_35,interior,0.2511,6.8,22051,165.9,190.6,0,nan,False
109,img_19b325eb7f251301eb6db660::yaw_plus_35,interior,0.2534,6.86,25206,169.2,192.9,0,nan,False
110,img_1371e2f1b988b88eea55fbdc::yaw_plus_35,interior,0.2602,7.07,26987,172.1,193.1,0,nan,False
111,img_eeceff5515532096691986e5::yaw_plus_35,interior,0.2624,7.25,27039,178.0,197.2,0,nan,False
112,img_36179b59758015708cbc0529::yaw_plus_35,interior,0.267,7.39,30599,181.3,201.8,0,nan,False
113,img_5d36f96d95329bc275b1e854::yaw_plus_35,interior,0.2715,7.68,29815,200.8,226.2,0,nan,False
114,img_69419e5adbf182700c58bb12::yaw_minus_35,interior,0.276,7.7,25438,172.5,221.8,0,nan,False
115,img_2bd2f89c0ed9038a7ebb2598::yaw_minus_35,interior,0.2783,7.59,24035,162.7,219.8,0,nan,False
116,img_53f96406e0c9d22b6885bb47::yaw_minus_35,interior,0.2805,7.44,24405,144.9,202.1,0,nan,False
117,img_7d6f42b0bce05fe141244829::yaw_minus_35,interior,0.2828,7.6,25513,137.4,181.8,0,nan,False
118,img_a1f74d52ddf18a7b95f8fb82::yaw_minus_35,interior,0.2851,7.92,28893,131.7,148.1,0,nan,False
119,img_ef51ea18654a5079d4e233ba::yaw_plus_35,interior,0.2896,8.67,26960,131.8,160.9,0,nan,False
120,img_125efba8e64a1900654063c3::yaw_plus_35,interior,0.2919,9.11,20521,133.9,166.9,0,nan,False
121,img_c54fcbe99fb2556e3eee453b::yaw_plus_35,interior,0.2941,9.45,19613,132.8,182.9,0,nan,False
122,img_dee26d9c80b097e644b27948::yaw_minus_35,interior,0.2986,9.98,16948,124.6,176.7,0,nan,False
123,img_1a5eee9849f95e3f1ffef40d::yaw_minus_35,interior,0.3009,10.17,15542,120.6,171.4,0,nan,False
124,img_575d0f2b73c72c0a37d1fdaf::yaw_minus_35,interior,0.3032,10.36,15237,119.8,160.5,0,nan,False
125,img_44aa2004a4a7e90eb9ff462e::yaw_minus_35,interior,0.3054,10.54,13965,173.0,197.9,0,nan,False
126,img_78a3f1935a07eebf17609099::yaw_minus_35,interior,0.3077,10.63,13687,119.9,167.8,0,nan,False
127,img_c00a2dd81dbcbe2ba6d1a126::yaw_minus_35,interior,0.31,10.75,14054,117.8,167.4,0,nan,False
128,img_18bab3dd6b4d34c67c53fdb6::yaw_minus_35,interior,0.3122,10.86,14211,117.5,165.7,0,nan,False
129,img_3dd943e1fbc94dc8c092af49::yaw_minus_35,interior,0.3145,10.84,14631,118.5,151.0,0,nan,False
130,img_af7bad065c75951e1c1e1c4f::yaw_minus_35,interior,0.3167,10.86,13965,117.8,148.3,0,nan,False
131,img_46fb35a374a648bbf7d67b4a::yaw_minus_35,interior,0.319,10.92,13668,115.8,148.1,0,nan,False
132,img_e984e928226015a4b56c841d::yaw_minus_35,interior,0.3213,10.88,13628,118.2,149.3,0,nan,False
133,img_eac8d6fea7b11f2aed473852::yaw_minus_35,interior,0.3235,10.81,14919,112.7,146.1,0,nan,False
134,img_f266fb814ed9e48ef6890df7::yaw_minus_35,interior,0.3258,10.66,21623,114.2,143.1,0,nan,False
135,img_be5a270ff906e798953439de::yaw_plus_35,interior,0.3258,10.66,26174,97.0,131.0,0,nan,False
136,img_c4432fd9be4c02760427f369::yaw_plus_35,interior,0.3281,10.36,18302,100.8,136.1,0,nan,False
137,img_cc7973236912a72f232cc17b::yaw_plus_35,interior,0.3303,10.03,19681,105.9,139.7,0,nan,False
138,img_0e30201037f2d207322568eb::yaw_plus_35,interior,0.3326,9.69,21078,109.4,141.0,0,nan,False
139,img_3a21b7ae860b72ed8804abcc::yaw_plus_35,interior,0.3348,9.4,21923,110.0,142.1,0,nan,False
140,img_2a01d8380fb472ce1a05426b::yaw_plus_35,interior,0.3371,9.11,24207,109.2,141.7,0,nan,False
141,img_d14ce879e6a132a7c0aaf3ea::yaw_plus_35,interior,0.3394,8.77,25817,109.6,140.3,0,nan,False
142,img_e33c0f642afa1aec24e17c11::yaw_plus_35,interior,0.3416,8.43,27836,106.5,138.3,0,nan,False
143,img_02ea8d71b98fade9b737af1e::yaw_plus_35,interior,0.3439,8.05,33051,105.6,137.3,0,nan,False
144,img_9b81a0f6a1bf887a91ae2d98::yaw_plus_35,interior,0.3462,7.71,39302,108.5,136.7,0,nan,False
145,img_06fe18d7805639029a0909d7::yaw_minus_35,interior,0.3484,7.39,49433,84.0,114.8,0,nan,False
146,img_98f96242d8c202d61ed3e10a::yaw_plus_35,interior,0.3484,7.39,46942,109.3,139.9,0,nan,False
147,img_be3df20bb870c84751cfa689::yaw_plus_35,interior,0.3507,7.06,49194,111.0,140.4,0,nan,False
148,img_4de2b810d4947fd02c7d9da0::yaw_plus_35,interior,0.3529,6.81,50405,112.3,138.3,0,nan,False
149,img_b6beedc52cef4f2ac0a45e14::yaw_minus_35,interior,0.3552,6.58,45405,105.4,128.2,0,nan,False
150,img_b9f940b901e71cda50ef8ab3::yaw_minus_35,interior,0.3575,6.3,43790,109.1,130.1,0,nan,False
151,img_a82e5ed8936520040da5595f::yaw_minus_35,interior,0.3597,6.08,44965,114.7,139.1,0,nan,False
152,img_b709d4e3277d2f8c8b7f9745::yaw_minus_35,interior,0.362,5.86,44535,123.2,149.1,0,nan,False
153,img_61f4cc2148cac254e5f04ce6::yaw_minus_35,interior,0.3643,5.69,49316,123.3,144.8,0,nan,False
154,img_649f98a511547e2d01b94687::yaw_minus_35,interior,0.3665,5.55,53001,123.5,146.0,0,nan,False
155,img_431341ddc18bf7bbfc873256::yaw_minus_35,interior,0.3688,5.45,60884,130.1,152.9,0,nan,False
156,img_9ee9430204cbc4d2cbd30ed3::yaw_minus_35,interior,0.371,5.33,73454,131.9,156.8,0,nan,False
157,img_6edd04890eae67b7aad63fbe::yaw_minus_35,interior,0.3756,5.2,85790,127.8,151.8,0,nan,False
158,img_8445df47b782669dc1b90367::yaw_plus_35,interior,0.3824,4.95,84911,144.5,161.9,0,nan,False
159,img_a415e25dd2ef27ecc5a4e82a::yaw_plus_35,interior,0.3846,4.91,96246,151.2,172.2,525,161.3,False
160,img_02167f65b42e301e9acb4f89::yaw_plus_35,interior,0.3869,4.87,99914,155.7,212.9,612,94.1,True
161,img_de19e8fb18e453296b788e19::yaw_plus_35,interior,0.3937,5.12,70567,110.2,207.9,0,nan,False
162,img_f8b73b376042c741c55a06cd::yaw_plus_35,interior,0.3959,5.22,59099,110.9,212.5,0,nan,False
163,img_00ec71ecfd73b6eb59d8f832::yaw_plus_35,interior,0.3982,5.3,67791,113.5,229.0,0,nan,False
164,img_876fed3a87ac79c0d63a1017::yaw_plus_35,interior,0.4118,6.78,48805,88.0,170.9,0,nan,False
165,img_c0e1cf412031577bfe06ae4a::yaw_plus_35,interior,0.414,7.07,32621,88.5,179.1,0,nan,False
166,img_77098503d4402a0360da6d34::yaw_plus_35,interior,0.4163,7.32,29861,95.6,175.9,0,nan,False
167,img_31fb7f1b070f7fce4248960d::yaw_plus_35,interior,0.4186,7.56,35727,97.1,177.9,0,nan,False
168,img_4b5896706fe6c5ae2a2b3dee::yaw_minus_35,interior,0.4231,8.07,36335,96.5,189.7,0,nan,False
169,img_ffa390bbaefb6eec5a6f87fb::yaw_minus_35,interior,0.4253,8.27,33019,89.2,184.1,0,nan,False
170,img_296543e0b24fc5e6e262f386::yaw_minus_35,interior,0.4276,8.42,35418,76.8,180.3,0,nan,False
171,img_8123b95a19d4d38c968b46a6::yaw_minus_35,interior,0.4299,8.57,31047,74.7,174.4,0,nan,False
172,img_8f0e7759dc55f86773c50f2b::yaw_minus_35,interior,0.4321,8.72,27829,72.1,172.1,0,nan,False
173,img_28d49635350a139c44d259ec::yaw_minus_35,interior,0.4344,8.87,25313,74.3,173.1,0,nan,False
174,img_aedaf82ed3842144ec0c3951::yaw_minus_35,interior,0.4367,8.98,23708,77.8,176.2,0,nan,False
175,img_4e8573cfcd31389b1a28d8e3::yaw_minus_35,interior,0.4389,9.14,24477,141.1,183.2,0,nan,False
176,img_87edfad3f6901cbaccb73eb1::yaw_minus_35,interior,0.4412,9.31,26751,87.1,184.1,0,nan,False
177,img_f7140eacb75d560d184fb31f::yaw_minus_35,interior,0.4434,9.39,27377,96.2,173.9,0,nan,False
178,img_4af6cd6dac376ccdcc60db74::yaw_minus_35,interior,0.4457,9.36,27786,112.5,182.9,0,nan,False
179,img_ba2f05a90b6e766693a2bd0d::yaw_minus_35,interior,0.448,9.36,27164,113.6,176.2,0,nan,False
180,img_d1b98043d8de5060ebfdfffe::yaw_minus_35,interior,0.4502,9.34,25660,100.6,154.2,0,nan,False
181,img_6140eac6fa52c2bec7a4cf37::yaw_minus_35,interior,0.4525,9.26,25752,94.1,140.1,0,nan,False
182,img_4ce1f1404af327ce8e242a2e::yaw_minus_35,interior,0.4548,9.23,25993,99.7,143.8,0,nan,False
183,img_06c8139bc95f57cd809da4fb::yaw_minus_35,interior,0.457,9.27,23380,104.7,145.1,0,nan,False
184,img_9294bdfdfc421be19feca3a8::yaw_minus_35,interior,0.4593,9.26,22531,106.5,147.9,0,nan,False
185,img_e08b30473e1f1809ad33265e::yaw_minus_35,interior,0.4615,9.36,19221,111.9,148.8,0,nan,False
186,img_7075633227ed0e239cb80bdf::yaw_minus_35,interior,0.4638,9.48,17134,116.5,149.5,0,nan,False
187,img_0fcf49cd7f81361297e23ec7::yaw_minus_35,interior,0.4661,9.52,16953,87.9,142.4,922,107.4,False
188,img_dbdbf05b0a89d3325091981a::yaw_minus_35,interior,0.4683,9.61,14244,100.0,142.6,1487,110.8,False
189,img_190257395cb0336ab5d50631::yaw_minus_35,interior,0.4706,9.77,12344,93.9,129.1,1964,95.7,False
190,img_c8bbc2a08c7cc7dc37c199cd::yaw_minus_35,interior,0.4729,9.83,11056,105.7,158.4,2544,131.4,False
191,img_977b8a805006c0e5b74cbe6d::yaw_minus_35,interior,0.4751,9.89,9919,60.7,107.7,3251,63.0,False
192,img_07354bc7c501761f73d5c2ad::yaw_minus_35,interior,0.4774,10.06,9932,55.9,96.7,4218,64.9,False
193,img_94927e44b477e8913c19b6ca::yaw_minus_35,interior,0.4796,10.13,9070,103.6,138.0,5094,127.4,False
194,img_afbad3a10e48842de673fe08::yaw_minus_35,interior,0.4819,10.07,8336,52.6,85.7,6485,50.7,False
195,img_3ca07cccfdd3e5371e570909::yaw_minus_35,interior,0.4842,10.07,8778,50.4,78.9,8792,47.7,False
196,img_3902505c4cb7ff45451f2bc1::yaw_minus_35,interior,0.4864,10.07,5940,40.0,55.9,8752,48.5,False
197,img_4a98c51fd068bcc6903eb8bd::yaw_minus_35,interior,0.4887,10.05,4424,50.1,82.6,10184,43.2,False
198,img_b5ca4a382aa3fedf86678fdd::yaw_minus_35,interior,0.491,10.05,2641,44.4,50.2,10781,49.0,False
199,img_0f09b1c8a16caf36b2272fd5::yaw_minus_35,interior,0.4932,10.0,1860,40.4,52.9,12887,48.8,False
200,img_e57c4c5b365a33a7eb8e26d4::yaw_minus_35,interior,0.4955,9.83,555,49.6,51.3,15411,47.2,False
201,img_b2093a79c6bb26d7f93e593e::yaw_plus_35,interior,0.4955,9.83,586,66.7,109.9,18371,94.9,False
202,img_22d548c6b36b38776c5e943b::yaw_minus_35,interior,0.4977,9.65,205,52.5,60.3,17135,49.1,False
203,img_4cc3626700bd186e509ecde4::yaw_plus_35,interior,0.4977,9.65,99,101.5,109.3,19705,95.1,False
204,img_8b86a5f7e66ce5098ea7120a::yaw_minus_35,interior,0.5023,9.21,0,nan,nan,15446,50.6,False
205,img_f2585d3a202c23e6a618ac51::yaw_minus_35,interior,0.5045,9.0,0,nan,nan,17508,48.2,False
206,img_7bb3380ce80f1bc1d599c623::yaw_minus_35,interior,0.5068,8.75,160,51.8,56.4,23565,49.0,False
207,img_601de3b87602df931f31758c::yaw_minus_35,interior,0.5091,8.53,535,49.3,53.9,29989,46.9,False
208,img_15fb76ef6ac109612bfa8138::yaw_minus_35,interior,0.5113,8.37,338,43.3,44.9,32826,43.3,False
209,img_4c9783af531b33c68bea8192::yaw_minus_35,interior,0.5136,8.26,177,40.9,50.1,35432,43.1,False
210,img_5f72e3f2d8823789d5a9d3d9::yaw_minus_35,interior,0.5158,8.13,651,49.7,54.0,38423,46.1,False
211,img_3043344b3e94c3b01cca615b::yaw_minus_35,interior,0.5181,8.08,0,nan,nan,29975,47.1,False
212,img_6740b2dd81f92ad3ddabaecd::yaw_minus_35,interior,0.5204,8.07,393,43.5,48.9,34333,45.0,False
213,img_340ae29e89772b35f8739137::yaw_minus_35,interior,0.5226,7.99,1109,44.4,47.9,46579,45.6,False
214,img_1577cf4d82720ebc65a2d403::yaw_minus_35,interior,0.5249,7.88,1117,44.6,51.9,49039,43.5,False
215,img_0bdb034725fc3184e49fe35e::yaw_plus_35,interior,0.5249,7.88,550,85.2,90.3,44613,82.2,False
216,img_db86d5ac2b734eb4da28813c::yaw_minus_35,interior,0.543,7.88,0,nan,nan,26347,56.2,False
217,img_56534ab6df13e69183a60733::yaw_minus_35,interior,0.5452,7.8,0,nan,nan,21810,54.0,False
218,img_ee0485aae04823911b094b7b::yaw_minus_35,interior,0.5475,7.77,0,nan,nan,18177,54.5,False
219,img_f3d8c24aaa1e434fce0c84c9::yaw_minus_35,interior,0.5498,7.74,0,nan,nan,16213,53.0,False
220,img_e7b6529d70d4db5e5f62f1d7::yaw_minus_35,interior,0.552,7.59,0,nan,nan,19070,52.6,False
221,img_b6f60c640d307fe68e410087::yaw_plus_35,interior,0.552,7.59,0,nan,nan,21754,79.2,False
222,img_f9abc9581a5c24b6086035c3::yaw_plus_35,interior,0.5543,7.52,0,nan,nan,13932,78.8,False
223,img_0a619ec4779c27a97495a4d5::yaw_plus_35,interior,0.5566,7.51,0,nan,nan,11098,81.1,False
224,img_a43232d113b6f9e20c343e11::yaw_plus_35,interior,0.5588,7.51,0,nan,nan,15692,87.6,False
225,img_25873a17d1cb3eab2998efaa::yaw_minus_35,interior,0.5656,7.27,88,93.8,104.7,27459,91.8,False
226,img_19e8211ae6c6bb6328e3ac0c::yaw_plus_35,interior,0.5701,7.03,317,54.2,63.9,30914,93.6,False
227,img_2f10fcf8c5f46899fd84dae9::yaw_plus_35,interior,0.5724,6.9,206,123.4,131.2,28925,95.0,False
228,img_767138f6ff85ce73dc611a99::yaw_plus_35,interior,0.5747,6.7,517,94.6,107.7,29623,91.9,False
229,img_32de473ad787ca0a568e7a34::yaw_plus_35,interior,0.5769,6.58,3197,103.9,114.8,23867,99.3,False
230,img_6f8a41645307886414fdb6d8::yaw_plus_35,interior,0.5792,6.54,4809,99.8,111.0,24824,99.0,False
231,img_e2235c52dc2cc4282e7d40fd::yaw_plus_35,interior,0.5814,6.55,3299,99.7,116.0,30716,97.6,False
232,img_62ded7e2c0eb75337746a1b4::yaw_minus_35,interior,0.5837,6.56,868,96.0,104.1,38007,90.1,False
233,img_7c194d874150e53dc7911d70::yaw_minus_35,interior,0.586,6.44,464,95.1,101.0,31145,88.4,False
234,img_b18850b17273389e3aefd9cd::yaw_minus_35,interior,0.5882,6.25,56,81.9,85.8,28119,75.8,False
235,img_3aa5f8a1a9bd140b901357b4::yaw_minus_35,interior,0.5905,6.07,41,65.2,68.5,28944,67.4,False
236,img_2461a33a99ca0046b9a7c112::yaw_minus_35,interior,0.5928,5.74,0,nan,nan,32088,64.4,False
237,img_4ccf82bd2664b37fa8da5db0::yaw_minus_35,interior,0.595,5.52,0,nan,nan,32752,69.9,False
238,img_3fa45fac1cc1abd6364f0bd3::yaw_minus_35,interior,0.5973,5.33,0,nan,nan,32233,59.4,False
239,img_94448b4974045a36f76fb520::yaw_minus_35,interior,0.6086,5.1,0,nan,nan,0,nan,False
240,img_d92232056a803e065181c4fc::yaw_minus_35,carport,0.6109,5.09,0,nan,nan,0,nan,False
241,img_3b6ed57064a70ad37a048c7b::yaw_minus_35,carport,0.6131,5.15,2095,78.5,88.0,0,nan,False
242,img_4a58d805e5b8e03110fdfac7::yaw_minus_35,carport,0.6154,5.16,3912,53.6,91.8,0,nan,False
243,img_1871157e950c16814045b7fb::yaw_minus_35,carport,0.6176,5.02,7381,52.8,84.1,0,nan,False
244,img_26e10d650ada982eed86237e::yaw_minus_35,carport,0.6199,4.9,12739,55.3,81.8,0,nan,True
245,img_c1d98062a4244b5006970c32::yaw_minus_35,carport,0.6222,4.89,13217,52.6,84.0,0,nan,True
246,img_b03cab9432767781d37d0c40::yaw_minus_35,carport,0.6244,5.0,9866,55.3,86.1,0,nan,False
247,img_fc66080d5ff5d4c012c31698::yaw_minus_35,carport,0.6267,5.24,8061,61.0,88.8,0,nan,False
248,img_58caed980ab70c4132efecfd::yaw_minus_35,carport,0.629,5.52,7686,75.1,106.1,0,nan,False
249,img_8c2af5819c98a4c49838403d::yaw_minus_35,carport,0.6312,5.72,9108,58.1,83.1,0,nan,False
250,img_9fc13fc6b2a89839552d140b::yaw_minus_35,carport,0.6335,5.89,9550,38.7,61.9,0,nan,False
251,img_f2e26c722981ec0176325e6b::yaw_minus_35,carport,0.6357,6.01,10851,38.1,58.4,0,nan,False
252,img_f4bf71d79eb426e24a089014::yaw_minus_35,carport,0.638,6.02,10756,41.0,57.0,0,nan,False
253,img_9b00be96662f65f6e44b8ae9::yaw_minus_35,carport,0.6403,5.85,9760,42.7,60.7,0,nan,False
254,img_99cab519f1ef124e4b6289fd::yaw_minus_35,carport,0.6425,5.56,9495,46.7,62.1,0,nan,False
255,img_e89062940cc4d3083aa9a723::yaw_minus_35,carport,0.6448,5.17,15034,32.0,51.2,0,nan,False
256,img_0cfe3b000d78b3cbe984aa45::yaw_minus_35,carport,0.6471,4.74,15131,41.2,65.6,0,nan,True
257,img_572c8b231f54c3e8ed7f76c5::yaw_minus_35,carport,0.6493,4.31,18656,51.9,81.3,0,nan,False
258,img_bc2bea11a1cb64d9ca5716c4::yaw_minus_35,carport,0.6516,3.88,34609,53.9,77.1,0,nan,False
259,img_a6e40bded3c9f2217bdca885::yaw_minus_35,interior,0.7421,2.07,496062,195.4,255.0,22524,164.8,False
260,img_d4b43c110801599d2031af14::yaw_minus_35,interior,0.7443,2.08,468042,199.5,255.0,18751,168.2,False
261,img_41472835d6d01c3b9eee86f3::yaw_minus_35,interior,0.7466,2.09,448515,199.9,255.0,17015,171.2,False
262,img_02c50c1e41ca50d8799dfef7::yaw_minus_35,interior,0.7489,2.11,448246,190.1,255.0,15792,164.9,False
263,img_809b1e32b82c29585751f38a::yaw_minus_35,interior,0.7511,2.12,436730,184.1,255.0,14902,170.4,False
264,img_25e709e621e208bb6d69963c::yaw_minus_35,interior,0.7534,2.14,410514,182.1,255.0,11949,170.7,False
265,img_ae847fd97d3627e78b825c01::yaw_minus_35,interior,0.7557,2.25,363062,182.3,254.4,7055,166.0,False
266,img_ae7fcdb96cefc23a2e9b1cb8::yaw_minus_35,interior,0.7919,2.51,261840,170.2,255.0,3247,177.7,False
267,img_db74abe8fe99e50cd417fb92::yaw_minus_35,interior,0.7941,2.64,255380,170.5,255.0,3713,167.8,False
268,img_bde382b774c98e42606ebea1::yaw_minus_35,interior,0.7964,2.71,230093,167.7,254.7,2662,198.6,False
269,img_c3ccda95371ed93a9732b302::yaw_minus_35,interior,0.7986,2.76,198804,162.3,253.2,756,184.1,False
270,img_dbcbd71faaeb6348cda02573::yaw_minus_35,interior,0.8009,2.84,166667,156.7,230.7,0,nan,False
271,img_c722df52e100f0a4d6d722c4::yaw_minus_35,interior,0.8032,2.83,171388,156.2,227.8,0,nan,False
272,img_441e03f73d0b76f84c505db3::yaw_minus_35,interior,0.8054,2.78,174754,166.0,237.6,0,nan,False
273,img_1a265d9e130f6059a7c5e9a6::yaw_minus_35,interior,0.8077,2.73,179361,170.4,245.5,0,nan,False
274,img_443900e4c8ed5b29fb38d36a::yaw_plus_35,interior,0.819,2.43,232977,174.8,252.3,467,196.6,False
275,img_39270baa183005e40c561a87::yaw_plus_35,interior,0.8213,2.38,211887,171.7,249.9,12,213.2,False
276,img_d733262793847c605e65099a::yaw_plus_35,interior,0.8235,2.34,214399,171.1,248.9,0,nan,False
277,img_d04d0ca787fbef2b28f090d4::yaw_plus_35,interior,0.8258,2.33,215034,168.3,237.4,15,204.7,False
278,img_fb8d4e5c370423a144a63ab7::yaw_plus_35,interior,0.8281,2.4,209402,160.6,232.4,60,209.3,False
279,img_736215cb0d2336e90c45f014::yaw_plus_35,interior,0.8371,2.42,193676,169.2,211.0,172,108.8,False
280,img_e077fcb4955280ec1710e251::yaw_plus_35,interior,0.8394,2.38,298368,165.0,209.9,2157,127.0,False
281,img_783c40ea973d77f89e68bd01::yaw_minus_35,interior,0.8416,2.3,282147,168.6,203.0,5133,143.8,False
282,img_8ef82436b387ffb945bf91a5::yaw_minus_35,interior,0.8439,2.23,282752,153.6,207.8,4110,199.3,False
283,img_ff7bb1d8e38e09e81058a33b::yaw_minus_35,interior,0.8462,2.14,367364,183.6,254.2,4606,204.6,False
284,img_4a55ba7140adf532c2944b6d::yaw_plus_35,interior,0.8665,1.45,824767,193.5,255.0,48358,172.4,False
285,img_362f09e7739015207616d3d1::yaw_plus_35,interior,0.9231,7.9,36015,67.2,172.8,0,nan,False
286,img_62bb470e8f17d63e54df8e2e::yaw_plus_35,interior,0.9253,8.34,25408,79.4,187.0,0,nan,False
287,img_c97b935806f8446352f5c059::yaw_plus_35,interior,0.9276,8.73,21107,88.5,193.0,0,nan,False
288,img_e76aadc0656e16023b5889f4::yaw_plus_35,interior,0.9299,9.15,22268,110.6,190.7,0,nan,False
289,img_fa65b3aa880c9101e305af46::yaw_minus_35,interior,0.9344,10.02,19335,119.2,190.5,0,nan,False
290,img_2fe71151d4c449e1d3233bb5::yaw_minus_35,interior,0.9367,10.52,14622,121.3,188.7,0,nan,False
291,img_13691d7391a8be50b061c1b3::yaw_minus_35,interior,0.9389,10.97,13284,116.3,182.2,0,nan,False
292,img_86575fe5a65f1c1856691512::yaw_minus_35,interior,0.9412,11.38,15407,104.7,166.3,0,nan,False
293,img_5ef19597a38170b745e3d0e8::yaw_minus_35,interior,0.9434,11.81,17595,79.3,149.3,0,nan,False
294,img_beb01b280b14e79f616ea854::yaw_plus_35,interior,0.9434,11.82,17611,95.1,176.7,0,nan,False
295,img_c945937fd972cd35ccc3f927::yaw_minus_35,interior,0.9457,12.14,15351,65.9,136.3,0,nan,False
296,img_a81fedc93cf86c096628e077::yaw_plus_35,interior,0.9457,12.14,17892,75.1,177.5,0,nan,False
297,img_49cecc6b7a7ebcfb56922fe8::yaw_plus_35,interior,0.948,12.48,14238,81.6,171.4,0,nan,False
298,img_dfbaef61d9e8160adafd7543::yaw_plus_35,interior,0.9502,12.76,12064,79.3,171.7,0,nan,False
299,img_75a30ee17616282a88941ad2::yaw_plus_35,interior,0.9525,13.03,12510,74.7,165.0,0,nan,False
300,img_a70b864456069a8a04299a32::yaw_plus_35,interior,0.9548,13.33,12992,75.3,159.8,0,nan,False
301,img_c1e12f0629dd3d406e51c28a::yaw_plus_35,interior,0.957,13.58,15024,82.3,159.7,0,nan,False
302,img_4d9c2a8e76e687e5179a2990::yaw_plus_35,interior,0.9593,13.68,15698,84.5,152.2,0,nan,False
303,img_738d35da53c08f4a598d2f51::yaw_plus_35,interior,0.9615,13.8,11298,91.7,156.5,0,nan,False
304,img_654224d56a5a5fc52b21d876::yaw_plus_35,interior,0.9638,13.94,8466,97.6,163.8,0,nan,False
305,img_103dec49eddc71b8b42bba6d::yaw_plus_35,interior,0.9661,13.96,7742,104.3,154.0,0,nan,False
306,img_f029e0f1f983d146f96286a0::yaw_plus_35,interior,0.9683,13.81,7950,103.4,148.8,0,nan,False
307,img_304b50c95ed848aecc410e2d::yaw_plus_35,interior,0.9706,13.56,9055,105.3,149.0,0,nan,False
308,img_1b406da0e87bb6871507e4a4::yaw_plus_35,interior,0.9729,13.36,11334,105.6,144.1,0,nan,False
309,img_bce41815c3435d5918fa786f::yaw_plus_35,interior,0.9751,13.21,13311,102.9,137.7,0,nan,False
310,img_72b0880469760869c633c6c8::yaw_plus_35,interior,0.9774,13.1,12085,103.0,137.8,0,nan,False
311,img_017105047612fa06bd54d2a9::yaw_plus_35,interior,0.9796,13.0,11446,103.1,138.1,0,nan,False
312,img_ace39114ea6e3dc2c06be34b::yaw_plus_35,interior,0.9819,12.74,10624,103.4,137.1,0,nan,False
313,img_85e78662bf093fa213534df1::yaw_minus_35,interior,0.9842,12.37,14775,74.4,91.7,0,nan,False
314,img_d9a7c8becf1e2afe7e043c05::yaw_plus_35,interior,0.9842,12.36,14797,102.7,136.7,0,nan,False
315,img_b49a7a00f760704e50863571::yaw_minus_35,interior,0.9864,12.22,15165,71.6,81.9,0,nan,False
316,img_8bdef04bbeeb5f84aab07251::yaw_plus_35,interior,0.9864,12.22,15004,97.4,125.2,0,nan,False
317,img_0270831497d17f59f1c3de3e::yaw_minus_35,interior,0.9887,12.19,14265,73.1,82.9,0,nan,False
318,img_f62c18a51fe6eeab821492db::yaw_plus_35,interior,0.9887,12.2,16397,97.1,123.7,0,nan,False
319,img_4d472e322a81763c2fd0b666::yaw_minus_35,interior,0.991,12.19,13311,76.6,87.9,0,nan,False
320,img_90c01a0a342d72f043a54865::yaw_minus_35,interior,0.9932,12.19,13309,79.8,91.3,0,nan,False
321,img_98fbe7ea8fe6d8ecf2b8b9d7::yaw_minus_35,interior,0.9955,12.19,13309,79.7,91.0,0,nan,False
322,img_cbaa2ed931cc075f3b1eb8f6::yaw_minus_35,interior,0.9977,12.19,13309,79.6,90.9,0,nan,False
323,img_1bc6af48816e6b6269928548::yaw_minus_35,interior,1.0,12.19,13309,79.6,91.0,0,nan,False
